Name,Screener,LTP,Change(%),Open,Volume,Market Cap (Cr.),PE Ratio,Industry PE,52W High,52W Low,1M Returns,3M Returns,1 Yr Returns,3 Yr Returns,5 Yr Returns,PB Ratio,Dividend,ROE,ROCE,EPS,50 DMA,200 DMA,RSI,Margin Funding,Margin Pledge
"Reliance Industries","https://scanx.trade/company/reliance-industries-ltd","1,592.30","1.06%","1,580.00","66,02,230","21,54,775.62","21.88","12.93","1,592.50","1,114.85","1.67%","16.34%","30.38%","36.18%","76.49%","2.43","0.35%","8.54%","8.71%","101.61","1,530.25","1,424.03","66.15","78.00%","91.00%"
"HDFC Bank","https://scanx.trade/company/hdfc-bank-ltd","1,001.60","1.05%","991.15","1,17,51,459","15,40,919.25","20.30","9.51","1,020.50","812.15","-0.05%","3.77%","12.37%","22.99%","40.57%","2.83","1.10%","13.93%","6.38%","89.49","995.10","973.20","56.65","78.00%","91.00%"
"Bharti Airtel","https://scanx.trade/company/bharti-airtel-ltd","2,106.30","-0.19%","2,108.00","29,27,138","12,01,034.44","26.93","53.01","2,174.50","1,559.50","0.79%","12.78%","32.00%","158.92%","316.54%","10.22","0.73%","8.11%","18.01%","21.42","2,095.70","1,932.29","51.81","78.00%","91.00%"
"Tata Consultancy Services","https://scanx.trade/company/tcs-tata-consultancy-services-ltd","3,250.70","0.72%","3,234.00","11,84,324","11,76,131.71","23.50","32.92","4,322.95","2,866.60","3.74%","11.55%","-20.95%","-0.33%","11.01%","11.04","3.91%","50.48%","62.02%","131.54","3,155.61","3,245.51","55.25","78.00%","91.00%"
"ICICI Bank","https://scanx.trade/company/icici-bank-ltd","1,355.40","1.30%","1,338.00","82,26,205","9,69,136.99","16.79","9.51","1,500.00","1,186.00","-2.50%","-1.21%","5.59%","50.19%","156.95%","2.90","0.82%","16.67%","6.13%","64.38","1,364.95","1,397.98","47.42","78.00%","91.00%"
"State Bank of India","https://scanx.trade/company/state-bank-of-india-ltd","998.95","1.44%","984.50","73,57,435","9,22,092.54","10.84","10.15","999.00","680.00","2.66%","15.61%","25.94%","63.17%","257.53%","1.68","1.56%","15.83%","5.57%","81.94","962.42","847.90","68.38","78.00%","91.00%"
"Infosys","https://scanx.trade/company/infosys-ltd","1,640.40","0.65%","1,635.90","25,24,526","6,65,120.59","23.46","32.92","1,982.80","1,307.00","4.88%","13.46%","-12.86%","7.64%","30.14%","6.96","2.70%","29.67%","35.85%","64.20","1,565.33","1,537.13","58.31","78.00%","90.72%"
"Bajaj Finance","https://scanx.trade/company/bajaj-finance-ltd","990.45","1.78%","972.90","62,06,869","6,16,305.72","32.58","-5.03","1,102.50","680.60","-3.00%","0.28%","42.81%","51.13%","87.58%","5.86","0.57%","18.84%","10.98%","241.14","1,023.72","951.48","43.32","76.00%","89.79%"
"Larsen & Toubro","https://scanx.trade/company/lt-larsen-toubro-ltd","4,163.40","0.56%","4,138.10","9,84,027","5,72,709.34","29.77","14.65","4,146.80","2,965.30","2.21%","13.43%","13.52%","99.26%","221.00%","5.62","0.82%","15.18%","18.71%","96.60","4,014.86","3,665.17","68.84","76.00%","91.00%"
"Hindustan Unilever","https://scanx.trade/company/hindustan-unilever-ltd","2,348.00","1.08%","2,326.00","9,73,413","5,51,684.03","49.96","47.54","2,705.09","2,101.12","-3.15%","-5.88%","2.79%","-6.70%","-0.02%","11.20","2.28%","19.99%","23.38%","43.99","2,366.41","2,385.19","55.22","78.00%","91.00%"
"LIC of India","https://scanx.trade/company/lic-of-india-ltd","860.85","0.94%","853.20","5,77,777","5,44,487.43","10.56","-5.03","980.00","715.30","-2.41%","-4.78%","-3.97%","21.33%","-1.65%","3.80","1.41%","49.36%","0.87%","66.13","882.07","877.89","48.24","76.00%","87.50%"
"Maruti Suzuki","https://scanx.trade/company/maruti-suzuki-ltd","16,960.00","1.51%","16,750.00","3,88,562","5,33,226.77","35.56","40.74","16,818.00","10,800.20","5.36%","6.23%","51.32%","101.83%","120.51%","5.27","0.81%","15.75%","19.54%","467.71","16,141.12","13,977.32","68.32","78.00%","91.00%"
"Mahindra & Mahindra","https://scanx.trade/company/mahindra-mahindra-ltd","3,802.40","1.10%","3,759.90","14,78,292","4,72,839.40","30.17","40.74","3,795.00","2,425.00","1.62%","9.79%","23.37%","201.10%","419.13%","5.64","0.65%","15.83%","15.04%","88.80","3,658.36","3,277.59","66.37","76.00%","89.55%"
"HCL Technologies","https://scanx.trade/company/hcl-technologies-ltd","1,640.20","0.35%","1,632.00","9,50,573","4,45,095.35","26.13","32.92","2,012.20","1,302.75","-0.16%","18.04%","-14.21%","57.79%","72.56%","6.23","3.67%","23.01%","30.84%","60.53","1,613.99","1,565.11","50.43","76.00%","90.92%"
"ITC","https://scanx.trade/company/itc-ltd","350.05","-3.79%","360.00","11,87,90,358","4,38,569.40","12.90","17.10","471.50","362.70","-13.41%","-13.70%","-23.54%","11.17%","73.04%","6.42","3.94%","27.71%","36.57%","16.36","404.28","412.59","15.42","78.00%","91.00%"
"Kotak Bank","https://scanx.trade/company/kotak-mahindra-bank-ltd","2,195.10","-1.02%","2,217.80","24,47,694","4,36,627.03","23.76","9.51","2,301.90","1,723.75","2.21%","6.39%","22.74%","20.28%","10.08%","2.63","0.11%","13.83%","6.51%","93.78","2,135.90","2,101.72","60.47","78.00%","91.00%"
"Sun Pharmaceutical","https://scanx.trade/company/sun-pharmaceutical-ltd","1,728.00","0.40%","1,721.10","9,74,123","4,14,605.08","39.37","18.27","1,902.95","1,548.00","-4.39%","5.61%","-8.57%","73.32%","189.81%","5.30","0.93%","14.38%","18.92%","43.95","1,752.16","1,697.63","42.10","78.00%","91.00%"
"Axis Bank","https://scanx.trade/company/axis-bank-ltd","1,266.90","-0.59%","1,273.90","58,60,547","3,93,307.65","15.14","9.51","1,304.00","933.50","-0.69%","9.26%","18.20%","34.55%","103.09%","2.00","0.08%","16.77%","6.50%","86.46","1,252.89","1,168.45","56.68","78.00%","91.00%"
"Titan","https://scanx.trade/company/titan-ltd","4,051.70","0.06%","4,039.00","6,59,997","3,59,704.32","87.04","7.85","4,068.00","2,925.00","4.03%","18.88%","24.52%","57.91%","159.96%","28.07","0.27%","37.22%","36.95%","38.91","3,863.10","3,553.17","70.27","78.00%","91.00%"
"UltraTech Cement","https://scanx.trade/company/ultratech-cement-ltd","11,899.00","-0.02%","11,903.00","2,06,244","3,50,638.75","48.04","30.78","13,097.00","10,047.85","2.03%","-1.62%","3.95%","69.55%","124.90%","4.87","0.65%","11.62%","9.06%","243.84","11,735.80","11,906.24","59.83","78.00%","91.00%"
"NTPC","https://scanx.trade/company/ntpc-ltd","352.10","4.70%","336.80","2,31,28,940","3,41,419.61","13.37","10.67","371.45","292.80","7.64%","3.48%","5.53%","109.58%","255.48%","1.70","2.48%","12.31%","9.85%","22.08","328.17","337.49","80.50","76.00%","91.00%"
"Bajaj Finserv","https://scanx.trade/company/bajaj-finserv-ltd","2,038.40","0.07%","2,030.10","8,93,818","3,25,698.25","16.91","-5.03","2,195.00","1,565.00","-2.08%","1.56%","29.31%","31.30%","129.80%","4.26","0.05%","15.03%","10.65%","52.25","2,068.55","2,014.74","47.52","76.00%","90.89%"
"Adani Ports & SEZ","https://scanx.trade/company/adani-ports-sez-ltd","1,489.50","0.57%","1,480.10","12,51,176","3,21,752.70","28.50","41.37","1,549.00","1,010.75","-2.68%","4.70%","22.22%","81.14%","195.62%","5.08","0.44%","15.69%","13.60%","46.34","1,483.00","1,385.03","50.81","75.01%","80.00%"
"Oil & Natural Gas Corporation","https://scanx.trade/company/oil-natural-gas-corporation-ltd","241.46","1.48%","237.94","59,25,943","3,03,763.42","6.99","-125.34","273.50","205.00","-1.38%","-0.65%","1.90%","60.49%","159.08%","0.81","5.15%","15.64%","11.31%","36.35","244.14","241.67","55.86","76.00%","90.29%"
"Hindustan Aeronautics","https://scanx.trade/company/hal-hindustan-aeronautics-ltd","4,417.80","0.45%","4,413.10","5,97,270","2,95,451.42","34.71","37.58","5,165.00","3,046.05","-2.49%","-8.03%","5.94%","247.79%","931.23%","7.92","0.91%","26.15%","17.49%","113.89","4,530.59","4,593.72","50.23","74.66%","87.50%"
"Bharat Electronics","https://scanx.trade/company/bharat-electronics-ltd","403.15","1.37%","399.65","1,09,50,368","2,94,693.73","51.05","30.21","436.00","240.25","-3.38%","-0.82%","37.17%","302.14%","856.92%","13.48","0.60%","24.13%","33.72%","5.80","407.27","379.08","53.96","75.80%","87.50%"
"JSW Steel","https://scanx.trade/company/jsw-steel-ltd","1,180.70","0.79%","1,172.00","9,03,240","2,88,734.75","47.16","24.21","1,223.90","880.00","1.05%","3.02%","30.40%","52.29%","202.98%","3.46","0.30%","11.25%","7.49%","28.47","1,144.90","1,071.80","65.74","76.00%","90.37%"
"Wipro","https://scanx.trade/company/wipro-ltd","269.00","0.62%","267.35","82,86,204","2,82,092.73","20.69","32.92","324.60","228.00","7.48%","11.59%","-10.42%","36.87%","38.62%","3.28","2.24%","14.88%","18.97%","21.37","252.38","252.14","64.73","76.00%","90.49%"
"Eternal","https://scanx.trade/company/zomato-ltd","284.15","0.12%","283.80","1,36,24,798","2,74,214.71","1,492.89","41.37","368.45","194.80","-5.75%","-13.63%","2.77%","371.23%","125.52%","8.87","-","1.72%","2.63%","0.68","300.59","280.54","42.98","72.84%","85.51%"
"Asian Paints","https://scanx.trade/company/asian-paints-ltd","2,772.60","0.75%","2,755.80","5,08,884","2,65,947.18","66.59","42.43","2,985.70","2,124.75","-3.31%","18.70%","20.30%","-9.01%","-0.11%","13.48","0.90%","28.61%","23.98%","52.96","2,763.12","2,482.60","47.86","78.00%","91.00%"
"Hindustan Zinc","https://scanx.trade/company/hindustan-zinc-ltd","628.80","2.75%","615.00","63,24,442","2,65,688.06","24.47","-96.29","656.35","378.15","25.80%","30.63%","41.61%","93.42%","163.04%","18.87","4.74%","51.06%","62.89%","19.26","518.98","466.98","72.62","58.00%","85.58%"
"Bajaj Auto","https://scanx.trade/company/bajaj-auto-ltd","9,502.50","-0.58%","9,550.00","7,33,651","2,65,364.54","32.08","12.50","9,585.00","7,089.35","4.47%","10.15%","8.72%","165.88%","172.96%","7.82","2.19%","26.61%","24.90%","286.76","9,015.87","8,579.06","66.25","76.00%","90.74%"
"Coal India","https://scanx.trade/company/coal-india-ltd","427.90","6.85%","401.35","3,50,90,129","2,63,703.15","7.94","-96.29","417.25","349.25","12.71%","10.14%","10.74%","90.39%","216.14%","2.34","6.62%","44.71%","24.48%","59.34","385.80","388.71","82.21","76.00%","91.00%"
"Adani Enterprises","https://scanx.trade/company/adani-enterprises-ltd","2,279.80","0.88%","2,260.00","7,15,242","2,63,130.12","30.18","39.81","2,612.78","1,964.72","0.79%","-9.30%","-7.96%","-38.78%","378.78%","4.82","0.06%","7.45%","10.92%","37.44","2,315.18","2,359.19","52.38","71.37%","80.00%"
"Power Grid Corporation of India","https://scanx.trade/company/power-grid-corporation-of-india-ltd","270.95","1.56%","267.50","1,33,48,375","2,51,999.86","16.33","10.67","322.00","247.30","0.48%","-3.46%","-12.71%","67.99%","154.20%","2.51","3.37%","18.53%","12.27%","16.88","271.87","286.88","56.53","76.00%","90.96%"
"Nestle","https://scanx.trade/company/nestle-india-ltd","1,279.70","-1.18%","1,292.00","7,36,473","2,46,766.38","84.62","52.34","1,311.60","1,055.00","1.52%","9.71%","17.98%","30.84%","38.71%","56.30","1.04%","117.72%","59.30%","33.58","1,261.28","1,199.96","59.26","78.00%","91.00%"
"Avenue Supermarts DMart","https://scanx.trade/company/dmart-avenue-supermarts-ltd","3,719.80","0.10%","3,735.00","2,95,500","2,42,059.69","88.56","39.81","4,949.50","3,340.00","-6.14%","-16.41%","4.46%","-8.67%","33.37%","10.57","-","13.56%","16.93%","40.74","3,968.61","4,187.62","32.58","76.00%","87.50%"
"Vedanta","https://scanx.trade/company/vedanta-ltd","616.95","2.37%","604.20","92,55,218","2,41,251.39","13.25","-96.29","616.00","363.00","15.69%","32.72%","38.81%","95.18%","284.63%","5.87","7.22%","17.92%","28.36%","13.95","536.00","466.72","78.22","75.86%","87.50%"
"Indian Oil Corporation","https://scanx.trade/company/indian-oil-corporation-ltd","166.79","0.55%","166.70","96,38,213","2,35,528.13","9.18","12.93","174.50","110.72","2.34%","11.42%","21.71%","113.83%","173.43%","1.19","1.76%","22.94%","9.53%","21.83","164.71","148.09","56.75","76.00%","87.50%"
"Tata Steel","https://scanx.trade/company/tata-steel-ltd","182.88","0.54%","182.00","2,30,06,840","2,28,298.74","33.93","24.21","186.94","122.62","8.45%","9.18%","33.74%","53.36%","184.37%","2.43","1.98%","-5.31%","8.15%","1.60","173.06","161.86","70.34","76.00%","89.34%"
"Hindalco Industries","https://scanx.trade/company/hindalco-industries-ltd","925.70","3.44%","898.00","53,57,771","2,08,025.76","11.32","92.18","895.95","546.45","14.17%","20.86%","56.12%","90.06%","288.38%","1.49","0.55%","9.57%","12.85%","48.78","828.71","721.28","78.69","76.00%","89.40%"
"SBI Life Insurance","https://scanx.trade/company/sbi-life-insurance-ltd","2,067.40","1.32%","2,040.40","4,72,182","2,07,325.04","83.44","-5.03","2,086.60","1,372.55","4.86%","14.79%","47.63%","66.72%","130.89%","11.19","0.13%","12.70%","0.56%","20.29","1,995.78","1,816.79","65.71","78.00%","91.00%"
"Eicher Motors","https://scanx.trade/company/eicher-motors-ltd","7,334.50","-0.18%","7,348.00","2,27,469","2,01,184.78","39.46","53.25","7,374.50","4,646.00","2.93%","4.46%","50.13%","127.16%","188.45%","9.13","0.95%","22.17%","26.14%","152.70","7,074.63","6,147.25","59.58","78.00%","91.00%"
"Interglobe Aviation","https://scanx.trade/company/indigo-interglobe-aviation-ltd","5,106.00","-0.09%","5,119.00","4,64,130","1,97,393.16","38.65","5.88","6,232.50","3,945.00","-11.87%","-8.92%","11.10%","149.96%","197.99%","22.88","0.20%","409.35%","15.53%","202.26","5,471.50","5,545.30","42.52","76.00%","80.00%"
"Grasim Industries","https://scanx.trade/company/grasim-industries-ltd","2,856.40","0.16%","2,856.90","6,98,682","1,94,384.23","21.63","5.34","2,977.80","2,276.95","4.57%","2.39%","16.96%","65.64%","207.24%","1.95","0.35%","7.14%","5.94%","85.43","2,798.09","2,743.41","63.49","78.00%","91.00%"
"Jio Financial Services","https://scanx.trade/company/jio-financial-services-ltd","301.70","2.03%","295.60","1,06,04,978","1,91,674.28","115.02","-5.03","338.60","198.65","-1.00%","0.55%","-0.90%","21.21%","21.21%","1.39","0.17%","1.15%","1.49%","2.50","302.10","293.54","54.56","75.00%","87.50%"
"Shriram Finance","https://scanx.trade/company/shriram-transport-finance-company-ltd","1,010.35","-0.92%","1,024.75","52,64,026","1,90,083.42","19.45","-5.03","1,025.60","493.35","18.65%","55.75%","73.09%","264.54%","371.75%","3.17","0.97%","14.88%","10.65%","201.17","845.79","696.68","78.02","75.03%","86.85%"
"TVS Motors","https://scanx.trade/company/tvs-motors-ltd","3,847.80","1.41%","3,843.00","10,02,294","1,82,804.02","64.74","53.25","3,799.90","2,171.40","5.08%","11.28%","59.89%","258.59%","684.07%","22.20","0.26%","23.68%","22.61%","36.05","3,574.11","3,103.95","68.73","76.00%","87.50%"
"LTI Mindtree","https://scanx.trade/company/lti-larsen-toubro-infotech-ltd","6,067.00","-0.74%","6,130.00","1,34,408","1,79,880.02","37.34","32.92","6,380.00","3,802.00","-1.39%","18.43%","6.94%","40.37%","64.00%","7.74","1.06%","22.89%","26.33%","154.11","5,973.15","5,270.70","47.66","76.00%","87.50%"
"DLF","https://scanx.trade/company/dlf-ltd","698.20","0.98%","692.65","40,64,871","1,72,826.50","39.96","-0.56","886.80","601.20","-2.01%","-3.34%","-15.32%","83.66%","192.93%","3.98","0.87%","4.13%","5.62%","11.50","726.56","749.06","47.63","76.00%","87.50%"
"Adani Green Energy","https://scanx.trade/company/adani-green-energy-ltd","1,038.80","1.26%","1,029.00","15,44,713","1,71,108.66","72.65","10.67","1,177.55","758.00","-0.08%","-2.43%","-0.73%","-45.00%","-2.55%","8.65","-","7.22%","8.15%","8.71","1,040.01","994.19","55.31","68.03%","80.00%"
"Divis Laboratories","https://scanx.trade/company/divis-laboratories-ltd","6,392.50","0.76%","6,351.00","1,08,528","1,69,700.79","67.76","41.13","7,071.50","4,955.00","-0.47%","11.95%","5.26%","89.54%","66.08%","10.92","0.47%","11.79%","18.85%","63.06","6,483.28","6,306.26","48.20","76.00%","87.50%"
"IRFC","https://scanx.trade/company/indian-railway-finance-corp-ltd","128.48","2.14%","126.45","2,53,85,604","1,67,904.17","24.04","-183.56","156.80","108.04","9.73%","2.34%","-14.55%","290.52%","418.06%","2.92","1.27%","13.04%","5.81%","4.93","119.54","127.45","63.93","72.21%","85.17%"
"Varun Beverages","https://scanx.trade/company/varun-beverages-ltd","493.80","0.42%","492.45","42,68,299","1,67,002.61","55.48","18.29","663.60","419.55","1.99%","11.48%","-24.13%","85.21%","511.82%","9.05","0.20%","29.67%","20.86%","18.65","471.63","485.55","64.19","75.00%","87.50%"
"Bharat Petroleum","https://scanx.trade/company/bharat-petroleum-ltd","381.45","-0.01%","382.00","36,14,573","1,65,492.29","7.79","12.93","388.15","234.01","7.75%","12.29%","29.17%","128.51%","99.73%","1.76","2.58%","35.51%","17.05%","44.92","363.13","328.52","64.61","76.00%","87.50%"
"HDFC Life Insurance","https://scanx.trade/company/hdfc-life-insurance-ltd","754.85","0.63%","749.95","14,57,089","1,62,867.63","85.46","-5.03","820.75","584.30","-1.55%","-1.20%","22.30%","32.36%","11.27%","9.54","0.28%","10.73%","0.60%","7.61","758.85","751.22","47.66","78.00%","91.00%"
"Tech Mahindra","https://scanx.trade/company/tech-mahindra-ltd","1,612.00","0.27%","1,611.00","6,37,080","1,57,931.08","35.29","32.92","1,736.40","1,209.40","5.39%","13.84%","-5.39%","59.68%","64.83%","5.71","2.80%","8.83%","18.78%","25.74","1,515.53","1,512.33","61.54","76.00%","90.74%"
"Bank of Baroda","https://scanx.trade/company/bank-of-baroda-ltd","305.05","1.43%","301.00","1,03,17,519","1,57,752.40","8.02","10.15","303.95","190.70","3.21%","17.51%","26.46%","63.79%","372.95%","0.98","2.78%","15.25%","5.69%","36.82","286.88","252.84","68.52","76.00%","87.50%"
"Trent","https://scanx.trade/company/trent-ltd","4,409.60","2.61%","4,300.00","8,95,709","1,56,755.75","95.13","39.81","7,493.05","3,930.10","4.59%","-8.74%","-37.61%","228.55%","553.61%","25.04","0.12%","36.01%","29.27%","35.43","4,340.63","5,070.20","62.93","72.77%","85.95%"
"Muthoot Finance","https://scanx.trade/company/muthoot-finance-ltd","3,820.80","-0.47%","3,835.00","3,94,926","1,53,393.08","21.34","-5.03","3,890.00","1,965.00","0.25%","21.51%","72.49%","249.99%","214.90%","4.70","0.68%","16.57%","13.76%","111.25","3,601.96","2,832.53","58.94","76.00%","87.50%"
"Pidilite Industries","https://scanx.trade/company/pidilite-industries-ltd","1,478.20","0.61%","1,469.30","2,75,319","1,50,438.49","66.54","201.33","1,574.95","1,311.10","0.65%","0.19%","3.24%","16.85%","66.95%","15.65","0.68%","20.28%","26.80%","36.93","1,471.00","1,494.10","54.30","78.00%","87.50%"
"Cholamandalam Investment","https://scanx.trade/company/cholamandalam-investment-ltd","1,781.10","3.31%","1,728.50","17,93,036","1,50,298.75","31.30","-5.03","1,782.00","1,169.80","3.26%","10.95%","50.39%","143.37%","332.99%","5.54","0.12%","17.41%","9.61%","43.53","1,706.28","1,587.75","63.03","75.93%","87.50%"
"Britannia Industries","https://scanx.trade/company/britannia-industries-ltd","5,984.50","-0.42%","6,009.50","2,65,702","1,44,147.63","62.39","52.34","6,336.00","4,506.00","2.94%","0.30%","24.81%","39.43%","67.74%","38.71","1.25%","53.81%","58.72%","91.68","5,933.22","5,682.93","50.34","78.00%","87.50%"
"Punjab National Bank","https://scanx.trade/company/punjab-national-bank-ltd","125.35","1.14%","123.94","1,32,05,239","1,44,064.04","8.32","10.15","127.80","85.46","0.04%","11.37%","22.10%","119.34%","260.20%","1.06","2.34%","8.25%","5.75%","10.66","121.34","109.05","64.58","76.00%","87.50%"
"Canara Bank","https://scanx.trade/company/canara-bank-ltd","154.87","0.41%","154.90","2,92,36,511","1,40,477.18","8.00","10.15","158.00","78.60","2.90%","25.14%","54.28%","130.36%","480.91%","1.29","2.59%","15.87%","6.11%","17.21","145.22","117.29","66.30","76.00%","87.50%"
"Ambuja Cements","https://scanx.trade/company/ambuja-cements-ltd","565.40","1.03%","560.00","13,71,653","1,39,756.90","19.16","30.78","624.95","455.00","4.06%","-1.00%","4.98%","7.39%","125.39%","2.46","0.36%","9.32%","9.15%","12.66","551.53","561.24","63.73","76.00%","87.50%"
"Tata Motors Passenger Vehicles","https://scanx.trade/company/tata-motors-passenger-vehicles-ltd","370.35","0.76%","369.20","70,77,536","1,36,384.33","1.43","40.74","490.35","324.33","1.80%","-14.84%","-18.35%","54.96%","228.03%","1.22","1.63%","34.17%","18.34%","102.18","372.98","402.89","60.65","76.00%","88.94%"
"Torrent Pharmaceuticals","https://scanx.trade/company/torrent-pharmaceuticals-ltd","3,885.30","0.96%","3,856.70","57,479","1,31,496.21","60.85","25.06","3,882.20","2,886.45","3.97%","8.92%","13.65%","150.86%","178.01%","15.41","0.16%","24.16%","28.48%","49.44","3,741.07","3,480.89","67.66","78.00%","87.50%"
"Samvardhana Motherson International","https://scanx.trade/company/motherson-sumi-systems-ltd","122.04","-0.39%","122.90","2,04,23,410","1,28,806.42","36.46","174.76","122.80","71.50","4.71%","15.13%","17.80%","141.81%","101.52%","3.48","0.46%","10.70%","14.07%","4.75","113.46","101.49","63.98","75.72%","87.26%"
"Vodafone Idea","https://scanx.trade/company/vodafone-idea-ltd","11.78","1.55%","11.72","1,44,64,22,980","1,27,628.10","-4.86","53.01","12.80","6.12","18.63%","38.26%","47.07%","47.25%","5.18%","-1.53","-","29.99%","-1.99%","-","10.54","8.14","57.52","65.99%","76.10%"
"Adani Energy Solutions","https://scanx.trade/company/adani-transmission-ltd","1,057.90","1.10%","1,056.90","13,70,725","1,27,083.69","51.59","10.67","1,061.70","639.45","5.89%","18.02%","31.34%","18.18%","18.18%","5.37","-","8.73%","6.77%","12.54","989.40","891.92","66.79","68.33%","80.00%"
"Godrej Consumer Products","https://scanx.trade/company/godrej-consumer-products-ltd","1,235.20","-0.66%","1,243.40","8,60,507","1,26,391.17","69.83","87.78","1,309.00","979.50","9.37%","7.54%","14.42%","38.24%","67.16%","10.46","2.01%","-4.45%","23.72%","17.15","1,153.07","1,196.40","72.76","76.00%","87.50%"
"Tata Power","https://scanx.trade/company/tata-power-ltd","393.10","2.95%","381.85","1,30,45,325","1,25,608.80","24.40","10.67","416.80","326.35","0.86%","0.50%","0.19%","85.56%","408.21%","3.24","0.59%","11.17%","9.90%","11.48","387.91","389.38","62.38","76.00%","87.50%"
"Bajaj Holdings & Investments","https://scanx.trade/company/bajaj-holdings-and-investments-ltd","11,181.00","-1.42%","11,342.00","58,889","1,24,437.27","14.52","-5.03","14,763.00","10,245.10","-1.33%","-6.79%","-5.59%","99.41%","258.46%","1.86","0.82%","11.70%","8.98%","670.52","11,691.34","12,687.89","46.63","68.52%","86.82%"
"Cummins","https://scanx.trade/company/cummins-india-ltd","4,482.10","0.26%","4,484.00","2,69,527","1,24,243.81","53.55","60.62","4,615.00","2,580.00","-1.37%","16.45%","38.74%","223.47%","670.98%","15.70","1.15%","26.02%","32.98%","66.04","4,400.57","3,670.02","54.20","76.00%","87.50%"
"Power Finance Corporation","https://scanx.trade/company/power-finance-corporation-ltd","375.95","3.52%","365.20","1,99,90,998","1,24,067.33","3.64","-183.56","474.85","329.90","4.16%","-8.56%","-16.14%","213.92%","308.46%","0.94","4.35%","19.70%","9.24%","62.81","366.04","398.45","67.71","72.83%","86.52%"
"Cipla","https://scanx.trade/company/cipla-ltd","1,511.60","0.71%","1,500.90","9,64,611","1,22,102.78","22.30","18.27","1,673.00","1,335.00","-0.76%","-0.09%","-1.14%","41.15%","82.87%","3.68","1.07%","15.50%","21.57%","55.04","1,519.69","1,516.49","51.10","78.00%","91.00%"
"Union Bank of India","https://scanx.trade/company/union-bank-of-india-ltd","156.70","2.03%","153.99","1,14,27,490","1,19,618.60","6.34","10.15","160.15","100.81","1.63%","12.94%","27.34%","92.51%","388.16%","0.97","3.09%","14.05%","6.23%","18.56","151.52","139.42","61.38","73.93%","86.78%"
"Hero Motocorp","https://scanx.trade/company/hero-motocorp-ltd","5,933.00","1.57%","5,900.00","10,69,537","1,18,708.42","22.05","53.25","6,388.50","3,344.00","-5.76%","9.21%","41.79%","118.45%","91.22%","5.57","2.82%","20.98%","28.71%","204.10","5,804.01","4,823.12","55.50","76.00%","90.07%"
"Polycab","https://scanx.trade/company/polycab-india-ltd","7,798.00","1.63%","7,676.50","1,92,881","1,17,389.90","46.36","22.23","7,903.00","4,555.00","5.36%","6.08%","6.22%","202.25%","653.10%","10.90","0.46%","21.87%","27.96%","118.40","7,498.72","6,703.38","63.35","74.12%","87.13%"
"Indus Towers","https://scanx.trade/company/bharti-infratel-ltd","442.05","1.43%","438.00","1,19,82,152","1,16,619.98","12.28","18.51","439.85","312.55","11.46%","25.56%","28.52%","132.72%","87.75%","3.18","-","22.32%","28.12%","24.54","402.68","379.34","72.27","75.51%","87.22%"
"Bosch","https://scanx.trade/company/bosch-ltd","39,420.00","9.08%","36,170.00","1,85,984","1,16,263.93","39.73","174.76","41,945.00","25,921.60","8.49%","2.87%","15.83%","129.59%","203.56%","7.61","1.42%","20.65%","18.89%","646.75","36,823.80","35,026.16","73.11","78.00%","87.50%"
"Indian Bank","https://scanx.trade/company/indian-bank-ltd","861.40","3.46%","842.05","32,01,311","1,16,027.48","9.94","10.15","894.85","473.90","-2.92%","16.87%","66.44%","191.26%","874.99%","1.61","1.95%","13.49%","5.89%","67.86","834.49","683.88","66.18","75.78%","87.50%"
"Tata Consumer Products","https://scanx.trade/company/tata-consumer-products-ltd","1,170.70","-0.53%","1,176.90","9,55,406","1,15,845.95","85.12","-12.48","1,202.80","911.00","0.59%","2.26%","27.21%","55.48%","97.05%","5.73","0.70%","7.46%","7.91%","13.53","1,168.60","1,112.63","49.74","78.00%","91.00%"
"GAIL","https://scanx.trade/company/gail-ltd","175.38","2.10%","171.55","1,36,98,712","1,15,314.10","10.30","41.37","202.79","150.52","-0.02%","0.47%","-8.22%","81.55%","112.76%","1.28","4.37%","12.83%","15.14%","17.17","176.60","180.49","57.43","76.00%","87.50%"
"HDFC AMC","https://scanx.trade/company/hdfc-asset-management-company-ltd","2,657.20","0.34%","2,648.20","3,47,752","1,13,810.13","41.32","-5.03","2,967.25","1,781.53","0.32%","-4.34%","27.67%","142.66%","77.26%","14.66","1.70%","27.46%","39.50%","96.87","2,675.42","2,569.76","50.24","76.00%","87.50%"
"GMR Airports","https://scanx.trade/company/gmr-infrastructure-ltd","105.77","0.26%","105.70","77,60,926","1,11,682.29","-753.57","41.37","110.36","67.75","-1.74%","18.39%","34.58%","159.56%","297.63%","-40.75","-","-86.69%","7.69%","-","100.42","90.22","59.81","75.00%","87.50%"
"Solar Industries","https://scanx.trade/company/solar-industries-ltd","12,336.00","1.40%","12,198.00","70,737","1,11,628.53","78.79","201.33","17,820.00","8,482.50","-6.88%","-7.76%","25.06%","178.20%","1,028.53%","21.53","0.08%","25.54%","30.18%","102.22","13,108.46","13,958.23","44.86","74.84%","86.93%"
"Ashok Leyland","https://scanx.trade/company/ashok-leyland-ltd","188.78","2.11%","185.00","2,53,88,934","1,10,886.63","30.63","783.98","185.56","95.93","17.77%","33.67%","69.45%","153.98%","280.99%","8.62","1.69%","22.82%","15.46%","8.52","156.42","130.57","82.21","76.00%","87.50%"
"Siemens","https://scanx.trade/company/siemens-ltd","3,097.70","0.21%","3,094.80","2,83,939","1,10,315.45","52.29","3.18","3,409.00","2,269.90","-6.42%","-0.76%","-6.09%","120.31%","289.07%","8.32","0.39%","14.98%","22.43%","68.99","3,159.17","3,090.99","45.08","74.98%","87.50%"
"ABB","https://scanx.trade/company/abb-ltd","5,205.50","0.56%","5,156.50","63,490","1,10,308.90","62.18","3.18","6,947.70","4,684.45","0.31%","0.13%","-24.87%","94.24%","322.28%","42.16","0.85%","21.00%","35.54%","75.95","5,150.73","5,410.56","53.47","75.96%","87.50%"
"Jindal Steel","https://scanx.trade/company/jindal-steel-ltd","1,080.30","1.11%","1,068.80","19,31,379","1,10,200.12","39.19","24.21","1,098.00","723.35","3.08%","1.44%","15.16%","81.67%","299.89%","2.19","0.19%","13.28%","8.16%","54.82","1,037.94","978.06","65.93","76.00%","87.50%"
"BSE","https://scanx.trade/company/bse-ltd","2,666.50","1.46%","2,639.00","22,15,206","1,08,762.29","59.22","41.37","3,030.00","1,227.32","-7.62%","28.11%","47.43%","1,338.55%","3,686.57%","20.54","0.29%","22.34%","30.53%","44.38","2,690.92","2,400.95","48.80","65.00%","79.42%"
"Lodha Developers","https://scanx.trade/company/macrotech-developers-ltd","1,085.70","1.20%","1,074.00","14,16,306","1,08,429.35","32.15","-0.56","1,531.00","1,035.15","-3.77%","-4.75%","-20.45%","97.21%","366.71%","5.14","0.40%","8.86%","18.64%","19.37","1,140.79","1,246.99","45.62","72.22%","85.51%"
"Swiggy","https://scanx.trade/company/swiggy-ltd","387.20","-0.90%","390.70","61,61,772","1,06,879.34","-25.83","41.37","558.85","297.00","-0.37%","-7.31%","-28.61%","-15.09%","-15.09%","5.43","-","-","-25.96%","-","400.26","385.11","42.89","65.00%","85.13%"
"Indian Hotels Company","https://scanx.trade/company/indian-hotels-company-ltd","748.65","1.36%","736.40","16,60,155","1,06,565.25","57.11","291.28","883.85","672.60","-0.05%","3.51%","-14.30%","136.02%","522.89%","9.10","0.30%","11.86%","17.74%","9.03","729.98","757.95","58.58","76.00%","87.50%"
"Hindustan Petroleum","https://scanx.trade/company/hindustan-petroleum-ltd","495.85","-0.55%","498.60","65,13,192","1,05,508.08","7.62","12.93","502.15","287.55","9.71%","14.15%","20.25%","213.69%","236.17%","1.87","2.11%","34.13%","12.56%","46.45","468.11","419.96","67.47","74.69%","87.21%"
"Dr Reddys Laboratories","https://scanx.trade/company/dr-reddys-laboratories-ltd","1,256.10","0.22%","1,249.00","15,91,218","1,04,837.92","18.24","18.27","1,405.90","1,020.00","-0.32%","0.92%","-8.25%","48.30%","19.83%","2.91","0.64%","19.74%","21.88%","333.59","1,253.08","1,244.69","45.31","78.00%","91.00%"
"Bharat Heavy Electricals","https://scanx.trade/company/bhel-bharat-heavy-electricals-ltd","299.50","2.76%","292.70","1,38,71,683","1,04,287.80","182.06","3.18","295.25","176.00","2.92%","24.70%","28.41%","273.67%","673.90%","4.16","0.17%","1.15%","3.75%","0.29","275.71","245.40","68.59","72.83%","85.37%"
"Max Healthcare Institute","https://scanx.trade/company/max-healthcare-institute-ltd","1,062.60","1.26%","1,049.40","9,28,577","1,03,366.47","75.17","-83.37","1,314.30","940.05","-5.58%","-4.55%","-6.76%","137.40%","645.68%","10.15","0.14%","14.89%","11.73%","10.84","1,113.38","1,158.86","43.77","70.00%","87.07%"
"Apollo Hospitals","https://scanx.trade/company/apollo-hospitals-ltd","7,129.50","0.25%","7,130.00","3,53,245","1,02,511.27","59.14","-83.37","8,099.50","6,001.00","-2.17%","-4.19%","-3.26%","60.06%","195.24%","11.25","0.18%","12.53%","15.53%","72.05","7,348.32","7,272.02","48.16","75.00%","91.00%"
"CG Power & Industrial Solutions","https://scanx.trade/company/cg-power-and-industrial-solutions-ltd","649.10","1.76%","639.45","22,85,838","1,02,224.01","94.48","3.18","797.55","517.70","-3.08%","-12.26%","-12.40%","139.87%","1,353.75%","13.46","0.20%","28.86%","31.58%","5.88","693.72","685.12","39.38","74.12%","87.16%"
"Mazagon Dock Shipbuilders","https://scanx.trade/company/mazagon-dock-shipbuilders-ltd","2,494.50","0.72%","2,480.00","9,30,773","1,00,623.14","42.82","41.37","3,775.00","1,918.05","-6.65%","-12.21%","11.17%","532.99%","2,091.43%","11.22","0.70%","21.98%","34.51%","96.04","2,627.51","2,856.42","45.32","66.44%","81.29%"
"United Spirits","https://scanx.trade/company/united-spirits-ltd","1,381.60","-1.61%","1,404.10","19,86,738","1,00,490.79","62.40","42.99","1,700.00","1,271.10","-4.53%","2.59%","-16.75%","58.86%","137.59%","12.15","0.85%","19.77%","26.08%","19.42","1,422.50","1,414.04","39.74","76.00%","87.50%"
"REC","https://scanx.trade/company/rural-electrification-corporation-ltd","380.65","3.52%","370.00","2,42,28,761","1,00,233.67","5.61","-183.56","544.70","330.95","6.27%","0.82%","-24.71%","216.15%","276.77%","1.16","4.90%","20.40%","9.48%","55.59","357.92","386.91","71.90","72.32%","86.14%"
"Persistent Systems","https://scanx.trade/company/persistent-systems-ltd","6,289.50","0.11%","6,285.00","1,47,711","99,216.86","59.52","32.92","6,599.00","4,148.95","-1.82%","26.92%","-2.29%","212.29%","739.97%","13.87","0.55%","22.06%","28.61%","76.02","6,194.55","5,619.95","50.91","75.19%","86.73%"
"Marico","https://scanx.trade/company/marico-ltd","757.75","-0.36%","760.45","9,33,700","98,362.59","58.19","9.29","765.30","577.85","5.40%","7.98%","17.66%","49.68%","86.59%","24.37","1.37%","36.03%","36.91%","11.73","731.43","712.37","61.91","78.00%","87.50%"
"ICICI Lombard General Insurance","https://scanx.trade/company/icici-lombard-general-insurance-ltd","1,973.90","0.87%","1,951.50","1,97,253","98,301.17","34.78","-5.03","2,068.70","1,613.70","-0.88%","3.69%","9.09%","59.01%","29.93%","6.09","0.64%","15.72%","-8.50%","42.73","1,985.52","1,914.32","54.14","78.00%","87.50%"
"ICICI Prudential Life Insurance","https://scanx.trade/company/icici-prudential-life-insurance-ltd","678.30","0.59%","674.30","3,51,756","98,189.43","74.70","-5.03","693.50","525.80","9.13%","13.69%","2.80%","49.93%","36.01%","7.70","0.13%","7.73%","0.44%","6.03","626.96","615.78","72.95","76.00%","80.00%"
"Shree Cement","https://scanx.trade/company/shree-cement-ltd","27,045.00","0.78%","26,775.00","36,285","97,580.38","56.23","30.78","32,490.00","24,817.80","2.39%","-7.68%","6.04%","15.31%","12.92%","4.32","0.41%","11.55%","6.67%","582.58","26,829.80","29,297.90","60.82","78.00%","87.50%"
"Lupin","https://scanx.trade/company/lupin-ltd","2,105.30","0.12%","2,103.00","2,52,908","96,169.85","22.10","18.27","2,402.90","1,795.20","1.12%","6.26%","-10.98%","187.28%","110.34%","4.89","0.57%","13.47%","21.29%","49.64","2,046.72","1,994.58","56.06","76.00%","87.50%"
"Aditya Birla Capital","https://scanx.trade/company/aditya-birla-capital-ltd","361.25","-0.19%","363.00","26,25,417","94,544.37","28.34","-5.03","368.95","149.01","1.45%","20.48%","101.82%","132.46%","305.44%","2.94","-","12.01%","9.58%","13.24","340.95","271.03","63.16","76.00%","87.28%"
"Dabur India","https://scanx.trade/company/dabur-india-ltd","522.60","4.53%","501.45","53,40,608","92,693.05","49.81","87.78","577.00","433.30","1.43%","5.57%","2.28%","-6.94%","-2.17%","8.09","1.60%","17.58%","20.32%","10.60","507.71","501.56","67.26","78.00%","87.50%"
"Zydus Life Science","https://scanx.trade/company/cadila-healthcare-ltd","916.90","0.20%","918.85","2,62,095","92,261.59","18.30","18.27","1,059.05","795.00","-2.09%","-7.49%","-5.84%","118.26%","91.66%","3.64","1.20%","17.34%","21.99%","41.43","939.82","948.97","45.37","76.00%","87.50%"
"Mankind Pharma","https://scanx.trade/company/mankind-pharma-ltd","2,202.70","1.76%","2,174.10","1,28,332","90,928.57","50.34","18.27","2,998.40","2,090.00","-1.22%","-9.71%","-23.55%","54.87%","54.87%","5.84","-","20.28%","13.33%","48.99","2,245.43","2,413.75","50.55","75.00%","87.50%"
"SRF","https://scanx.trade/company/srf-ltd","3,059.50","0.07%","3,060.00","1,08,406","90,691.18","56.05","201.33","3,325.00","2,200.45","4.67%","5.24%","38.36%","33.46%","169.27%","6.84","0.24%","11.64%","12.90%","41.45","2,950.93","2,985.82","57.73","76.00%","87.50%"
"Havells","https://scanx.trade/company/havells-india-ltd","1,439.90","1.58%","1,424.50","2,56,390","90,318.71","60.83","3.18","1,721.20","1,380.00","0.32%","-3.05%","-14.30%","30.83%","58.25%","10.25","0.71%","17.06%","22.51%","22.20","1,442.20","1,515.14","55.35","78.00%","87.50%"
"JSW Energy","https://scanx.trade/company/jsw-energy-ltd","510.65","1.72%","505.00","55,05,156","89,249.80","39.30","10.67","656.50","418.75","3.83%","-4.81%","-20.74%","73.96%","664.45%","3.01","0.40%","8.21%","5.73%","11.18","497.21","512.46","63.76","72.61%","85.75%"
"Info Edge","https://scanx.trade/company/naukri-info-edge-ltd","1,367.70","2.00%","1,345.00","3,23,120","88,684.49","52.46","41.37","1,825.78","1,157.00","0.19%","2.17%","-21.67%","74.83%","43.83%","1.79","0.45%","1.88%","4.80%","53.82","1,356.06","1,387.92","54.29","75.95%","87.50%"
"One 97 Communications","https://scanx.trade/company/paytm-ltd","1,340.60","3.79%","1,292.00","22,13,835","85,736.63","-135.66","41.37","1,381.80","651.50","-1.99%","16.72%","35.74%","151.95%","-14.11%","5.38","-","-13.67%","-4.12%","-","1,306.40","1,079.20","57.01","68.53%","82.51%"
"NHPC","https://scanx.trade/company/nhpc-ltd","83.62","5.10%","79.56","3,24,30,153","83,996.58","22.27","10.67","92.34","71.00","8.18%","-3.18%","2.05%","109.31%","261.99%","1.94","2.40%","8.28%","6.14%","3.60","79.70","83.42","70.54","75.25%","87.50%"
"Hitachi Energy","https://scanx.trade/company/abb-power-products-systems-ltd","18,803.00","1.74%","18,600.00","81,093","83,809.41","114.85","3.18","22,840.00","8,801.00","-15.24%","3.69%","21.87%","460.77%","1,340.29%","17.97","0.03%","12.04%","13.08%","40.53","19,783.64","18,005.99","45.30","50.00%","80.25%"
"SBI Cards","https://scanx.trade/company/sbi-cards-ltd","875.95","1.91%","862.95","6,89,809","83,350.80","42.61","-5.03","1,027.25","664.00","-0.06%","0.03%","29.23%","10.20%","2.71%","5.53","0.29%","19.93%","20.03%","25.33","874.28","882.13","54.09","76.00%","87.50%"
"Waaree Energies","https://scanx.trade/company/waaree-energies-ltd","2,866.30","-3.01%","2,960.00","16,16,043","82,446.51","30.34","3.18","3,865.00","1,863.00","-9.86%","-13.98%","0.14%","22.55%","22.55%","7.40","-","-","24.78%","-","3,171.35","3,010.07","34.68","50.00%","83.41%"
"PB FinTech","https://scanx.trade/company/policy-bazaar-ltd","1,781.80","-1.33%","1,808.80","11,49,164","82,439.39","180.57","39.50","2,246.90","1,311.35","-4.39%","6.33%","-15.92%","294.07%","48.20%","12.32","-","-8.90%","6.22%","2.28","1,827.23","1,764.68","40.67","70.00%","84.30%"
"L&T Finance","https://scanx.trade/company/lt-finance-holdings-ltd","319.75","0.79%","319.50","38,61,694","80,021.52","29.42","-5.03","321.90","129.20","3.43%","23.66%","132.11%","255.87%","254.41%","3.01","0.86%","9.85%","10.60%","9.93","296.20","223.47","67.77","75.00%","87.34%"
"Rail Vikas Nigam","https://scanx.trade/company/rail-vikas-nigam-ltd","365.85","1.20%","363.50","70,88,047","76,280.46","66.35","-0.56","501.80","301.20","13.74%","6.23%","-14.54%","433.70%","1,430.75%","7.89","0.48%","19.39%","14.76%","6.98","326.26","354.13","65.10","67.60%","81.35%"
"UNO Minda","https://scanx.trade/company/minda-industries-ltd","1,321.20","2.68%","1,293.00","17,32,882","76,252.17","63.23","174.76","1,382.00","767.60","0.92%","-0.24%","24.78%","152.50%","563.59%","11.93","0.17%","17.56%","19.22%","15.45","1,268.80","1,131.88","62.43","70.00%","70.00%"
"Nykaa","https://scanx.trade/company/nykaa-ltd","264.90","-0.32%","266.60","41,86,213","75,807.03","738.06","39.81","273.22","154.90","-","9.80%","60.86%","70.74%","-27.95%","54.80","-","1.78%","12.91%","0.14","257.65","222.26","62.01","75.00%","87.50%"
"AU Small Finance Bank","https://scanx.trade/company/au-small-finance-bank-ltd","999.40","-0.01%","1,002.90","10,14,538","74,648.39","34.36","9.51","1,007.25","478.35","5.14%","37.93%","75.78%","52.12%","128.34%","4.12","0.10%","38.28%","16.45%","23.05","937.33","769.30","68.14","76.00%","87.50%"
"Suzlon Energy","https://scanx.trade/company/suzlon-ltd","54.28","3.45%","52.59","5,95,17,999","74,430.26","22.53","3.18","74.30","46.15","1.04%","-1.63%","-16.91%","407.29%","782.60%","9.11","-","262.69%","24.15%","0.68","54.78","58.72","55.61","50.00%","84.29%"
"NMDC","https://scanx.trade/company/nmdc-ltd","84.53","1.04%","84.11","2,76,83,548","74,317.23","10.46","-96.29","84.64","59.53","12.12%","10.99%","28.11%","101.17%","208.95%","2.26","3.95%","24.47%","29.74%","20.82","76.62","72.15","70.63","75.15%","87.50%"
"IDFC First Bank","https://scanx.trade/company/idfc-first-bank-ltd","85.92","0.36%","85.75","2,51,01,820","73,847.32","51.26","9.51","86.00","52.46","6.46%","24.49%","33.85%","40.51%","129.73%","1.40","0.25%","9.12%","5.55%","3.82","81.46","71.90","65.92","76.00%","87.50%"
"Dixon Technologies","https://scanx.trade/company/dixon-technologies-ltd","12,165.00","0.61%","12,162.00","8,09,776","73,824.21","42.91","11.96","18,700.00","11,646.00","-16.48%","-26.06%","-32.39%","212.14%","346.52%","18.02","0.07%","19.86%","41.33%","72.30","14,195.08","15,445.47","32.60","70.00%","84.92%"
"Bharat Forge","https://scanx.trade/company/bharat-forge-ltd","1,477.20","0.87%","1,467.00","10,05,873","70,623.25","64.90","21.24","1,490.90","919.10","3.08%","21.12%","13.64%","67.09%","174.52%","7.48","0.58%","12.70%","16.45%","22.02","1,396.18","1,246.86","66.87","76.00%","87.50%"
"Aurobindo Pharma","https://scanx.trade/company/aurobindo-pharma-ltd","1,215.40","1.88%","1,200.70","5,16,055","70,590.63","20.25","18.27","1,356.20","1,010.00","-0.07%","11.92%","-10.19%","179.53%","31.01%","1.98","-","10.62%","15.74%","61.22","1,185.04","1,143.16","56.45","76.00%","87.50%"
"Torrent Power","https://scanx.trade/company/torrent-power-ltd","1,399.40","5.46%","1,324.00","17,81,418","70,516.26","21.93","10.67","1,640.00","1,188.00","7.04%","15.08%","-6.35%","179.54%","336.15%","3.56","1.43%","15.05%","14.83%","47.61","1,299.89","1,362.74","70.22","73.97%","86.84%"
"Indusind Bank","https://scanx.trade/company/indusind-bank-ltd","902.45","1.38%","896.00","62,50,730","70,307.71","-91.32","9.51","1,086.55","606.00","6.53%","21.44%","-6.91%","-26.41%","0.26%","1.07","-","14.20%","5.98%","115.87","835.01","794.11","70.37","70.00%","85.30%"
"Yes Bank","https://scanx.trade/company/yes-bank-ltd","22.29","3.72%","21.50","11,48,90,325","69,940.56","23.88","9.51","24.30","16.02","-0.71%","2.44%","13.55%","2.96%","23.83%","1.37","-","3.05%","5.95%","0.46","22.32","20.42","56.65","70.00%","87.16%"
"Oil India","https://scanx.trade/company/oil-india-ltd","428.85","0.30%","427.55","10,77,168","69,757.08","10.46","-125.34","494.55","325.00","3.54%","4.27%","-1.89%","199.48%","491.76%","1.24","2.69%","23.55%","11.77%","51.54","419.00","416.71","65.28","72.79%","86.45%"
"Prestige Estates Projects","https://scanx.trade/company/prestige-estate-ltd","1,618.80","0.92%","1,601.00","2,25,652","69,726.61","81.87","-0.56","1,814.00","1,048.05","-2.43%","4.97%","-2.10%","244.90%","506.75%","4.37","0.11%","10.40%","8.96%","33.42","1,677.90","1,552.81","47.85","72.15%","85.34%"
"Fortis Healthcare","https://scanx.trade/company/fortis-healthcare-ltd","914.75","1.58%","906.30","18,11,265","69,059.80","65.35","-83.37","1,104.30","577.00","1.09%","-7.57%","29.11%","224.44%","486.38%","7.19","0.11%","7.54%","9.86%","8.50","935.32","842.74","54.68","75.00%","87.50%"
"Phoenix Mills","https://scanx.trade/company/phoenix-mills-ltd","1,903.40","1.64%","1,872.70","3,73,797","68,063.92","47.63","-0.56","1,875.90","1,402.50","10.03%","21.72%","19.79%","166.98%","384.66%","6.20","0.13%","13.29%","10.43%","61.08","1,757.83","1,614.07","80.59","73.22%","86.49%"
"Bank of India","https://scanx.trade/company/bank-of-india-ltd","149.22","1.52%","147.50","94,01,609","67,934.91","6.94","10.15","151.43","90.05","1.34%","19.73%","45.38%","63.08%","197.55%","0.89","2.76%","9.28%","5.62%","15.14","143.04","122.59","65.27","70.00%","87.43%"
"UPL","https://scanx.trade/company/upl-united-phosphorus-ltd","804.65","-0.09%","806.95","45,62,526","67,857.64","28.68","21.90","806.50","497.20","7.17%","21.65%","60.77%","16.18%","78.74%","2.13","0.70%","-5.74%","7.50%","-","749.36","689.68","70.07","76.00%","87.50%"
"Oracle Financial Services Software","https://scanx.trade/company/oracle-financial-services-software-ltd","7,731.50","0.57%","7,686.00","54,875","67,277.12","28.13","32.92","12,879.95","7,038.00","-5.13%","-11.38%","-38.79%","155.67%","138.42%","9.06","3.45%","28.24%","36.86%","269.28","8,117.76","8,475.23","40.19","75.09%","87.24%"
"Alkem Laboratories","https://scanx.trade/company/alkem-laboratories-ltd","5,592.50","2.36%","5,498.00","37,645","66,866.73","27.11","18.27","5,868.00","4,491.65","-0.30%","2.44%","0.39%","86.35%","89.53%","4.90","0.82%","16.91%","19.29%","179.80","5,619.66","5,240.06","50.91","78.00%","87.50%"
"Federal Bank","https://scanx.trade/company/federal-bank-ltd","266.95","0.26%","267.50","33,53,300","65,748.33","16.18","9.51","271.10","172.66","4.03%","37.77%","33.14%","93.86%","292.29%","1.80","0.45%","12.70%","6.45%","16.45","251.26","213.07","64.55","76.00%","87.50%"
"Oberoi Realty","https://scanx.trade/company/oberoi-realty-ltd","1,730.00","2.01%","1,699.00","4,04,480","62,903.19","27.57","-0.56","2,325.80","1,451.95","6.86%","8.42%","-23.95%","98.46%","193.17%","3.68","0.47%","13.92%","16.69%","60.22","1,688.63","1,690.40","62.17","75.70%","87.50%"
"Godrej Properties","https://scanx.trade/company/godrej-properties-ltd","2,068.50","2.64%","2,025.00","3,08,290","62,304.53","39.50","-0.56","2,830.60","1,900.00","-1.34%","1.88%","-25.51%","67.31%","44.93%","3.32","-","7.25%","8.74%","40.29","2,118.54","2,140.64","53.42","73.82%","86.11%"
"Steel Authority of India","https://scanx.trade/company/steel-authority-of-india-ltd","147.47","-0.66%","148.60","1,27,03,746","60,912.86","23.99","24.21","149.47","99.15","9.20%","9.30%","30.59%","65.79%","97.95%","1.05","1.08%","3.98%","6.70%","9.38","135.55","127.76","70.93","73.43%","85.57%"
"NALCO","https://scanx.trade/company/national-aluminium-company-ltd","330.30","4.99%","316.20","2,12,72,570","60,663.95","9.45","92.18","319.85","137.75","25.21%","53.99%","54.25%","294.62%","644.76%","2.91","3.34%","10.93%","36.82%","10.50","266.09","207.83","81.79","71.97%","84.35%"
"Patanjali Foods","https://scanx.trade/company/ruchi-soya-industries-ltd","557.00","0.81%","553.00","29,59,410","60,592.03","42.22","9.29","670.33","521.00","-2.15%","-4.12%","-7.66%","-53.33%","-17.22%","4.97","0.60%","1.75%","15.86%","25.98","565.85","587.30","52.77","75.00%","87.50%"
"Laurus Labs","https://scanx.trade/company/laurus-labs-ltd","1,106.50","-0.35%","1,110.00","9,53,854","59,735.13","87.89","18.27","1,119.00","501.15","7.49%","26.89%","79.73%","196.33%","213.10%","12.47","0.11%","4.09%","12.08%","2.75","1,011.15","810.42","75.31","75.20%","80.00%"
"Glenmark Pharmaceuticals","https://scanx.trade/company/glenmark-pharmaceuticals-ltd","2,064.50","1.89%","2,025.90","3,88,479","58,260.36","56.61","18.27","2,284.80","1,275.50","6.32%","5.37%","27.87%","382.70%","310.76%","5.97","0.12%","3.84%","15.93%","-","1,921.25","1,797.22","66.94","75.73%","87.50%"
"Max Financial Services","https://scanx.trade/company/max-financial-services-ltd","1,671.00","-0.18%","1,681.20","3,11,456","57,668.68","288.09","41.37","1,751.40","950.00","-2.47%","3.03%","51.56%","144.46%","141.84%","10.89","-","8.99%","6.69%","11.00","1,655.41","1,509.97","49.32","75.00%","87.50%"
"Colgate Palmolive","https://scanx.trade/company/colgate-palmolive-ltd","2,090.10","-0.18%","2,105.00","1,57,949","56,847.72","42.95","47.54","2,975.00","2,051.00","-2.92%","-6.06%","-22.64%","37.49%","32.41%","35.99","2.44%","70.62%","111.07%","51.99","2,159.64","2,338.54","41.93","78.00%","87.50%"
"MCX","https://scanx.trade/company/multi-commodity-exchange-ltd","2,216.00","-79.83%","2,230.00","34,18,580","56,506.19","80.50","41.37","-","-","-","-","-","-","-","26.85","0.27%","10.07%","24.11%","34.19","1,998.49","1,593.86","66.60","72.84%","-"
"IRCTC","https://scanx.trade/company/irctc-ltd","694.85","1.34%","685.65","15,47,440","55,588.00","39.96","52.99","831.75","656.00","1.54%","-1.60%","-11.92%","8.17%","140.43%","12.87","1.17%","34.40%","44.39%","14.87","693.33","730.34","56.05","76.00%","87.50%"
"Coforge","https://scanx.trade/company/coforge-ltd","1,650.30","-0.33%","1,662.90","23,58,220","55,291.95","41.21","32.92","1,994.00","1,194.01","-13.26%","3.09%","-14.30%","108.84%","203.11%","8.04","0.23%","22.42%","14.67%","114.98","1,813.46","1,710.63","30.27","75.26%","86.19%"
"Bharat Dynamics","https://scanx.trade/company/bharat-dynamics-ltd","1,495.00","0.91%","1,487.30","16,36,024","54,801.09","82.96","37.58","2,096.60","907.00","-2.31%","-3.04%","31.87%","216.44%","758.95%","12.87","0.31%","10.97%","10.19%","15.77","1,482.73","1,578.80","56.64","70.06%","82.86%"
"APL Apollo Tubes","https://scanx.trade/company/apl-apollo-tubes-ltd","1,931.90","-1.93%","1,975.00","7,55,936","53,636.50","52.14","24.21","1,989.90","1,272.70","11.39%","11.60%","21.85%","74.63%","349.38%","11.87","0.29%","21.36%","22.02%","26.38","1,783.54","1,702.45","70.18","76.00%","87.50%"
"Mphasis","https://scanx.trade/company/mphasis-ltd","2,807.20","-0.76%","2,842.00","1,24,901","53,493.41","30.17","32.92","3,078.40","2,044.55","-0.89%","4.32%","-1.67%","42.54%","83.49%","5.60","2.01%","17.68%","23.19%","82.67","2,825.20","2,694.03","44.80","76.00%","87.50%"
"Biocon","https://scanx.trade/company/biocon-ltd","392.95","1.34%","387.75","14,52,427","52,535.99","68.03","18.27","424.95","291.00","-0.39%","13.42%","6.55%","49.18%","-15.63%","1.93","0.12%","5.13%","6.26%","13.00","390.53","361.23","51.08","75.63%","87.39%"
"Kalyan Jewellers","https://scanx.trade/company/kalyan-jewellers-ltd","495.70","2.38%","486.40","17,27,423","51,189.09","53.73","7.85","795.40","399.40","-2.22%","6.53%","-36.11%","296.24%","559.18%","9.36","0.31%","14.24%","20.89%","6.12","493.75","517.19","56.52","70.00%","84.03%"
"Tube Investment","https://scanx.trade/company/tube-invest-of-india-ltd","2,597.70","-0.96%","2,623.10","2,73,237","50,267.79","48.69","24.21","3,693.60","2,407.10","-7.15%","-15.77%","-27.44%","-6.74%","225.40%","6.76","0.13%","17.60%","15.90%","34.13","2,833.19","2,935.50","37.91","74.32%","86.73%"
"PI Industries","https://scanx.trade/company/pi-industries-ltd","3,256.60","1.16%","3,219.10","1,10,402","49,408.52","32.29","21.90","4,330.00","2,951.10","-3.90%","-9.14%","-11.78%","-4.53%","43.81%","4.51","0.50%","19.26%","20.62%","115.17","3,433.53","3,691.44","43.49","76.00%","87.50%"
"360 One WAM","https://scanx.trade/company/360-one-wam-ltd","1,200.10","1.73%","1,179.70","3,43,492","48,610.98","42.42","-5.03","1,318.00","790.50","0.91%","15.78%","-6.00%","169.18%","368.50%","5.11","0.49%","23.31%","14.83%","25.49","1,135.42","1,069.96","61.66","72.72%","85.65%"
"Voltas","https://scanx.trade/company/voltas-ltd","1,430.20","3.32%","1,389.00","11,09,054","47,323.14","85.10","71.24","1,859.40","1,135.00","5.13%","5.67%","-21.72%","78.18%","72.01%","7.20","0.51%","4.24%","17.53%","13.81","1,372.81","1,346.37","62.33","76.00%","87.50%"
"HUDCO","https://scanx.trade/company/housing-urban-development-corporation-ltd","231.42","1.69%","227.80","68,54,934","46,327.97","16.26","-183.56","254.29","158.85","-2.98%","-0.45%","-2.68%","332.56%","463.07%","2.53","1.82%","11.02%","8.50%","11.13","226.56","223.25","60.89","69.35%","83.03%"
"Supreme Industries","https://scanx.trade/company/supreme-industries-ltd","3,534.10","1.43%","3,500.40","2,31,479","44,892.57","52.22","28.77","4,817.95","3,095.00","5.99%","-15.66%","-24.80%","46.81%","109.47%","7.74","0.98%","20.94%","21.37%","88.76","3,543.83","3,934.96","60.50","74.61%","86.82%"
"Petronet LNG","https://scanx.trade/company/petronet-lng-ltd","291.05","1.02%","288.20","24,51,474","43,657.50","11.78","41.37","349.35","263.50","7.04%","6.03%","-16.27%","34.37%","16.49%","2.05","3.47%","20.26%","23.63%","26.26","276.27","289.37","69.42","76.00%","80.00%"
"KEI Industries","https://scanx.trade/company/kei-industries-ltd","4,529.60","0.33%","4,530.00","1,28,302","43,303.25","54.57","22.23","4,572.70","2,424.00","10.29%","12.29%","1.34%","205.90%","849.40%","6.97","0.09%","18.44%","16.86%","67.58","4,155.53","3,767.23","68.43","70.00%","80.00%"
"IREDA","https://scanx.trade/company/ireda-ltd","146.64","5.22%","140.05","2,85,77,864","41,194.57","22.73","-183.56","234.29","129.11","2.92%","-3.96%","-33.87%","144.40%","144.40%","3.03","-","11.56%","8.35%","1.29","143.08","154.95","62.92","70.02%","84.31%"
"Container Corporation of India","https://scanx.trade/company/container-corporation-of-india-ltd","531.80","1.44%","526.65","9,59,087","40,502.84","30.39","41.37","652.04","481.00","5.14%","1.00%","-14.70%","-10.20%","64.79%","3.12","1.76%","10.36%","13.49%","20.90","518.75","555.47","65.63","76.00%","87.50%"
"Dalmia Bharat","https://scanx.trade/company/dalmia-bharat-ltd","2,147.10","0.51%","2,108.80","2,09,238","40,272.12","35.17","1,234.41","2,496.30","1,601.00","6.85%","-3.69%","21.24%","13.74%","96.17%","2.27","0.43%","5.17%","4.86%","49.19","2,052.29","2,106.85","62.45","75.00%","80.00%"
"Page Industries","https://scanx.trade/company/page-industries-ltd","35,775.00","0.36%","35,695.00","24,470","39,902.98","52.03","26.39","50,590.00","35,310.00","-4.36%","-15.04%","-25.14%","-14.66%","27.06%","28.22","2.52%","35.64%","62.78%","516.64","38,323.40","43,337.68","35.95","78.00%","87.50%"
"Astral","https://scanx.trade/company/astral-poly-technik-ltd","1,453.40","1.29%","1,443.00","4,41,304","39,045.61","76.32","28.77","1,657.95","1,232.30","0.90%","5.59%","-11.99%","-1.29%","47.96%","10.21","0.26%","16.69%","19.01%","20.35","1,452.28","1,421.20","55.83","76.00%","87.50%"
"Premier Energies","https://scanx.trade/company/premier-energies-ltd","845.90","-0.15%","851.15","6,49,867","38,318.79","32.15","39.81","1,384.00","774.05","-12.95%","-16.90%","-36.52%","0.71%","0.71%","11.11","0.06%","-","34.93%","-","966.15","1,003.27","30.15","60.00%","84.90%"
"Blue Star","https://scanx.trade/company/blue-star-ltd","1,816.10","2.48%","1,783.60","5,90,199","37,341.70","66.78","71.24","2,417.00","1,521.00","2.64%","-3.29%","-19.63%","204.21%","350.28%","11.72","0.51%","15.86%","25.16%","24.34","1,804.82","1,819.21","56.37","74.31%","86.75%"
"Jubilant FoodWorks","https://scanx.trade/company/jubilant-foodworks-ltd","552.95","-0.04%","553.60","26,03,875","36,486.14","95.73","291.28","796.75","548.40","-9.26%","-10.73%","-25.20%","9.48%","-1.00%","16.84","0.22%","17.86%","12.94%","4.12","585.08","641.26","35.84","76.00%","87.50%"
"Tata Elxsi","https://scanx.trade/company/tata-elxsi-ltd","5,337.50","2.42%","5,211.50","1,26,422","33,250.08","48.42","39.50","6,840.00","4,700.00","4.19%","2.13%","-20.85%","-15.28%","185.74%","12.01","1.44%","36.00%","52.73%","126.48","5,262.16","5,657.95","55.68","76.00%","87.50%"
"NBCC","https://scanx.trade/company/nbcc-ltd","122.67","0.47%","122.50","83,57,400","33,120.90","53.55","41.37","130.70","70.80","3.95%","12.05%","31.97%","353.83%","508.18%","12.34","0.55%","13.09%","26.58%","3.11","114.52","108.49","64.69","69.79%","80.00%"
"KPIT Technologies","https://scanx.trade/company/kpit-technologies-ltd","1,167.60","0.38%","1,163.20","4,13,208","32,009.03","41.26","39.50","1,500.00","1,020.60","-7.20%","1.25%","-21.80%","67.58%","711.40%","9.77","0.72%","27.67%","35.48%","24.17","1,201.55","1,240.01","42.50","73.78%","85.71%"
"Exide Industries","https://scanx.trade/company/exide-industries-ltd","367.70","1.23%","362.50","10,83,939","31,254.50","38.84","174.76","431.60","328.00","-3.28%","-6.92%","-12.73%","102.70%","92.16%","2.10","0.55%","6.84%","8.57%","10.29","374.14","382.74","48.58","76.00%","87.50%"
"CDSL","https://scanx.trade/company/central-depository-services-ltd","1,466.60","1.41%","1,446.20","10,61,313","30,651.94","63.96","41.37","1,828.90","1,047.45","-8.59%","-0.60%","-18.91%","153.79%","451.77%","17.35","0.86%","27.84%","37.66%","45.91","1,558.19","1,515.49","40.51","72.64%","80.00%"
"Delhivery","https://scanx.trade/company/delhivery-ltd","404.50","0.97%","401.60","7,85,695","30,260.47","216.35","41.37","490.00","236.53","-3.14%","-6.89%","16.10%","21.87%","-24.58%","3.14","-","-2.72%","2.66%","-","425.84","395.19","44.44","75.00%","70.00%"
"Sona BLW Precision Forgings","https://scanx.trade/company/sona-blw-precision-forgings-ltd","486.35","2.54%","475.00","11,98,062","30,237.40","48.59","174.76","607.30","380.00","-4.40%","17.55%","-17.80%","16.02%","34.65%","5.16","0.67%","18.49%","13.84%","9.41","489.60","474.85","50.47","75.15%","87.23%"
"LIC Housing Finance","https://scanx.trade/company/lic-housing-finance-ltd","545.55","1.81%","536.25","9,88,536","30,008.69","5.34","16.76","646.50","483.70","-0.93%","-5.48%","-9.12%","28.53%","44.48%","0.77","1.87%","15.12%","9.65%","86.33","552.86","577.32","54.80","76.00%","87.50%"
"IIFL Finance","https://scanx.trade/company/iifl-finance-ltd","641.40","3.38%","623.50","24,41,538","27,274.12","25.73","-5.03","621.95","279.80","9.18%","41.84%","53.35%","38.63%","463.42%","2.03","-","15.76%","8.01%","38.34","559.43","464.42","75.91","71.28%","65.00%"
"Nuvama Wealth Management","https://scanx.trade/company/nuvama-wealth-management-ltd","1,468.20","0.67%","1,459.00","2,51,732","26,692.78","25.87","-5.03","1,701.70","947.09","-1.50%","13.13%","5.03%","-43.80%","181.00%","7.03","1.96%","21.55%","23.65%","203.79","1,454.20","1,374.24","52.31","50.00%","75.00%"
"Kaynes Technology India","https://scanx.trade/company/kaynes-technology-ltd","3,977.20","0.85%","3,951.40","13,30,214","26,661.02","69.81","30.21","7,822.00","3,712.50","-25.78%","-44.43%","-47.65%","436.41%","476.45%","5.65","-","9.91%","15.98%","32.73","5,332.04","5,862.85","32.42","69.50%","75.00%"
"Tata Technologies","https://scanx.trade/company/tata-technologies-ltd","655.95","1.82%","645.90","5,68,871","26,614.75","37.69","39.50","912.50","597.00","-3.57%","-4.99%","-26.36%","-50.04%","-50.04%","7.33","1.82%","21.09%","23.64%","16.02","671.03","692.66","48.57","75.00%","87.50%"
"Syngene International","https://scanx.trade/company/syngene-international-ltd","658.40","1.26%","650.10","2,90,442","26,529.53","55.90","41.37","895.75","599.55","2.01%","4.24%","-25.12%","13.57%","4.12%","5.53","0.19%","11.98%","13.20%","11.85","646.65","656.37","56.30","76.00%","80.00%"
"Manappuram Finance","https://scanx.trade/company/manappuram-finance-ltd","311.15","-0.94%","314.10","31,82,203","26,336.82","62.55","-5.03","318.90","168.83","10.18%","8.66%","62.42%","160.70%","86.09%","2.09","1.27%","18.98%","10.79%","26.55","284.07","264.11","67.19","73.96%","80.00%"
"PNB Housing Finance","https://scanx.trade/company/pnb-housing-finance-ltd","998.00","1.16%","983.05","12,13,911","25,998.75","11.97","16.76","1,141.90","746.70","9.82%","13.11%","9.90%","110.23%","227.84%","1.43","0.51%","10.07%","9.27%","61.35","915.48","939.36","67.42","73.81%","80.00%"
"Piramal Pharma","https://scanx.trade/company/piramal-pharma-ltd","178.48","5.06%","170.10","49,60,834","23,724.42","-943.89","18.27","267.65","165.12","-3.46%","-10.33%","-30.89%","49.19%","-3.81%","2.80","0.08%","0.23%","7.02%","0.30","185.46","199.45","52.07","72.62%","80.00%"
"Bandhan Bank","https://scanx.trade/company/bandhan-bank-ltd","144.46","0.19%","144.50","81,34,028","23,272.09","18.90","9.51","192.48","128.16","-3.73%","-11.67%","-9.67%","-39.85%","-63.90%","0.94","1.04%","10.32%","7.35%","15.97","151.89","162.82","43.08","59.47%","80.00%"
"Amber Enterprises","https://scanx.trade/company/amber-enterprises-india-ltd","6,482.50","0.54%","6,440.00","1,61,308","22,800.28","98.91","30.21","8,626.00","5,235.00","-8.34%","-21.34%","-15.50%","244.94%","171.65%","6.22","-","6.59%","14.95%","47.37","7,132.91","7,153.19","40.12","69.46%","80.00%"
"Inox Wind","https://scanx.trade/company/inox-wind-ltd","128.04","4.22%","123.06","99,49,850","22,128.36","40.97","3.18","198.13","118.28","-3.79%","-9.93%","-30.67%","375.99%","708.84%","3.26","-","-29.66%","12.30%","0.66","136.98","154.17","48.84","67.59%","75.00%"
